{"cameraMode":{"drawMode":0,"name":"Shaded","section":"Shading Mode"},"sceneLighting":false,"audioPlay":false,"sceneViewState":{"m_AlwaysRefresh":false,"showFog":true,"showSkybox":false,"showFlares":true,"showImageEffects":true,"showParticleSystems":true,"showVisualEffectGraphs":true,"m_FxEnabled":true},"in2DMode":false,"pivot":{"x":0.4613516330718994,"y":-0.49573665857315066,"z":0.06429464370012284},"rotation":{"x":0.0706193819642067,"y":-0.6962181925773621,"z":0.06915117800235748,"w":0.7109940648078919},"size":1.6906442642211915,"orthographic":false}